"codigo_bairro","codigo_ibge","bairro","regional","codigo_regiao","territorio","fonte","vigencia_referencia"
"20","2304400020","Jardim Guanabara","SER 01","II","2","IPLANFOR - Bairros de Fortaleza / LC 307-2021","2021-12-13"
"39","2304400039","Vila Velha","SER 01","II","2","IPLANFOR - Bairros de Fortaleza / LC 307-2021","2021-12-13"
"6","2304400006","Barra do Ceará","SER 01","II","3","IPLANFOR - Bairros de Fortaleza / LC 307-2021","2021-12-13"
"12","2304400012","Cristo Redentor","SER 01","II","4","IPLANFOR - Bairros de Fortaleza / LC 307-2021","2021-12-13"
"31","2304400031","Pirambu","SER 01","II","4","IPLANFOR - Bairros de Fortaleza / LC 307-2021","2021-12-13"
"9","2304400009","Carlito Pamplona","SER 01","II","5","IPLANFOR - Bairros de Fortaleza / LC 307-2021","2021-12-13"
"18","2304400018","Jacarecanga","SER 01","II","5","IPLANFOR - Bairros de Fortaleza / LC 307-2021","2021-12-13"
"3","2304400003","Álvaro Weyne","SER 01","II","6","IPLANFOR - Bairros de Fortaleza / LC 307-2021","2021-12-13"
"17","2304400017","Floresta","SER 01","II","6","IPLANFOR - Bairros de Fortaleza / LC 307-2021","2021-12-13"
"21","2304400021","Jardim Iracema","SER 01","II","6","IPLANFOR - Bairros de Fortaleza / LC 307-2021","2021-12-13"
"2","2304400002","Aldeota","SER 02","III","7","IPLANFOR - Bairros de Fortaleza / LC 307-2021","2021-12-13"
"24","2304400024","Meireles","SER 02","III","7","IPLANFOR - Bairros de Fortaleza / LC 307-2021","2021-12-13"
"115","2304400115","De Lourdes","SER 02","III","8","IPLANFOR - Bairros de Fortaleza / LC 307-2021","2021-12-13"
"27","2304400027","Papicu","SER 02","III","8","IPLANFOR - Bairros de Fortaleza / LC 307-2021","2021-12-13"
"36","2304400036","Varjota","SER 02","III","8","IPLANFOR - Bairros de Fortaleza / LC 307-2021","2021-12-13"
"110","2304400110","Cais do Porto","SER 02","III","9","IPLANFOR - Bairros de Fortaleza / LC 307-2021","2021-12-13"
"26","2304400026","Mucuripe","SER 02","III","9","IPLANFOR - Bairros de Fortaleza / LC 307-2021","2021-12-13"
"37","2304400037","Vicente Pinzón","SER 02","III","9","IPLANFOR - Bairros de Fortaleza / LC 307-2021","2021-12-13"
"14","2304400014","Dionísio Torres","SER 02","III","10","IPLANFOR - Bairros de Fortaleza / LC 307-2021","2021-12-13"
"22","2304400022","Joaquim Távora","SER 02","III","10","IPLANFOR - Bairros de Fortaleza / LC 307-2021","2021-12-13"
"35","2304400035","Tauape","SER 02","III","10","IPLANFOR - Bairros de Fortaleza / LC 307-2021","2021-12-13"
"40","2304400040","Antônio Bezerra","SER 03","IV","11","IPLANFOR - Bairros de Fortaleza / LC 307-2021","2021-12-13"
"122","2304400122","Olavo Oliveira","SER 03","IV","11","IPLANFOR - Bairros de Fortaleza / LC 307-2021","2021-12-13"
"48","2304400048","Quintino Cunha","SER 03","IV","11","IPLANFOR - Bairros de Fortaleza / LC 307-2021","2021-12-13"
"47","2304400047","Padre Andrade","SER 03","IV","12","IPLANFOR - Bairros de Fortaleza / LC 307-2021","2021-12-13"
"33","2304400033","Presidente Kennedy","SER 03","IV","12","IPLANFOR - Bairros de Fortaleza / LC 307-2021","2021-12-13"
"38","2304400038","Ellery","SER 03","IV","13","IPLANFOR - Bairros de Fortaleza / LC 307-2021","2021-12-13"
"15","2304400015","Farias Brito","SER 03","IV","13","IPLANFOR - Bairros de Fortaleza / LC 307-2021","2021-12-13"
"25","2304400025","Monte Castelo","SER 03","IV","13","IPLANFOR - Bairros de Fortaleza / LC 307-2021","2021-12-13"
"1","2304400001","São Gerardo","SER 03","IV","13","IPLANFOR - Bairros de Fortaleza / LC 307-2021","2021-12-13"
"4","2304400004","Amadeu Furtado","SER 03","IV","14","IPLANFOR - Bairros de Fortaleza / LC 307-2021","2021-12-13"
"28","2304400028","Parque Araxá","SER 03","IV","14","IPLANFOR - Bairros de Fortaleza / LC 307-2021","2021-12-13"
"29","2304400029","Parquelândia","SER 03","IV","14","IPLANFOR - Bairros de Fortaleza / LC 307-2021","2021-12-13"
"34","2304400034","Rodolfo Teófilo","SER 03","IV","14","IPLANFOR - Bairros de Fortaleza / LC 307-2021","2021-12-13"
"7","2304400007","Benfica","SER 04","V","15","IPLANFOR - Bairros de Fortaleza / LC 307-2021","2021-12-13"
"16","2304400016","Fátima","SER 04","V","15","IPLANFOR - Bairros de Fortaleza / LC 307-2021","2021-12-13"
"23","2304400023","José Bonifácio","SER 04","V","15","IPLANFOR - Bairros de Fortaleza / LC 307-2021","2021-12-13"
"8","2304400008","Bom Futuro","SER 04","V","16","IPLANFOR - Bairros de Fortaleza / LC 307-2021","2021-12-13"
"13","2304400013","Damas","SER 04","V","16","IPLANFOR - Bairros de Fortaleza / LC 307-2021","2021-12-13"
"19","2304400019","Jardim América","SER 04","V","16","IPLANFOR - Bairros de Fortaleza / LC 307-2021","2021-12-13"
"103","2304400103","Montese","SER 04","V","16","IPLANFOR - Bairros de Fortaleza / LC 307-2021","2021-12-13"
"99","2304400099","Itaoca","SER 04","V","17","IPLANFOR - Bairros de Fortaleza / LC 307-2021","2021-12-13"
"105","2304400105","Parangaba","SER 04","V","17","IPLANFOR - Bairros de Fortaleza / LC 307-2021","2021-12-13"
"108","2304400108","Vila Peri","SER 04","V","17","IPLANFOR - Bairros de Fortaleza / LC 307-2021","2021-12-13"
"92","2304400092","Aeroporto","SER 04","V","18","IPLANFOR - Bairros de Fortaleza / LC 307-2021","2021-12-13"
"30","2304400030","Parreão","SER 04","V","18","IPLANFOR - Bairros de Fortaleza / LC 307-2021","2021-12-13"
"109","2304400109","Vila União","SER 04","V","18","IPLANFOR - Bairros de Fortaleza / LC 307-2021","2021-12-13"
"72","2304400072","Bom Jardim","SER 05","XII","39","IPLANFOR - Bairros de Fortaleza / LC 307-2021","2021-12-13"
"73","2304400073","Bonsucesso","SER 05","XII","39","IPLANFOR - Bairros de Fortaleza / LC 307-2021","2021-12-13"
"78","2304400078","Granja Lisboa","SER 05","XII","39","IPLANFOR - Bairros de Fortaleza / LC 307-2021","2021-12-13"
"79","2304400079","Granja Portugal","SER 05","XII","39","IPLANFOR - Bairros de Fortaleza / LC 307-2021","2021-12-13"
"90","2304400090","Siqueira","SER 05","XII","39","IPLANFOR - Bairros de Fortaleza / LC 307-2021","2021-12-13"
"91","2304400091","Aerolândia","SER 06","VIII","26","IPLANFOR - Bairros de Fortaleza / LC 307-2021","2021-12-13"
"93","2304400093","Alto da Balança","SER 06","VIII","26","IPLANFOR - Bairros de Fortaleza / LC 307-2021","2021-12-13"
"54","2304400054","Cidade dos Funcionários","SER 06","VIII","27","IPLANFOR - Bairros de Fortaleza / LC 307-2021","2021-12-13"
"62","2304400062","Jardim das Oliveiras","SER 06","VIII","27","IPLANFOR - Bairros de Fortaleza / LC 307-2021","2021-12-13"
"67","2304400067","Parque Manibura","SER 06","VIII","27","IPLANFOR - Bairros de Fortaleza / LC 307-2021","2021-12-13"
"53","2304400053","Cambeba","SER 06","VIII","28","IPLANFOR - Bairros de Fortaleza / LC 307-2021","2021-12-13"
"65","2304400065","Messejana","SER 06","VIII","28","IPLANFOR - Bairros de Fortaleza / LC 307-2021","2021-12-13"
"66","2304400066","Parque Iracema","SER 06","VIII","28","IPLANFOR - Bairros de Fortaleza / LC 307-2021","2021-12-13"
"56","2304400056","Curió","SER 06","VIII","29","IPLANFOR - Bairros de Fortaleza / LC 307-2021","2021-12-13"
"59","2304400059","Guajeru","SER 06","VIII","29","IPLANFOR - Bairros de Fortaleza / LC 307-2021","2021-12-13"
"49","2304400049","José de Alencar","SER 06","VIII","29","IPLANFOR - Bairros de Fortaleza / LC 307-2021","2021-12-13"
"63","2304400063","Lagoa Redonda","SER 06","VIII","29","IPLANFOR - Bairros de Fortaleza / LC 307-2021","2021-12-13"
"55","2304400055","Coaçu","SER 06","VIII","30","IPLANFOR - Bairros de Fortaleza / LC 307-2021","2021-12-13"
"68","2304400068","Paupina","SER 06","VIII","30","IPLANFOR - Bairros de Fortaleza / LC 307-2021","2021-12-13"
"119","2304400119","São Bento","SER 06","VIII","30","IPLANFOR - Bairros de Fortaleza / LC 307-2021","2021-12-13"
"113","2304400113","Praia do Futuro I","SER 07","VII","22","IPLANFOR - Bairros de Fortaleza / LC 307-2021","2021-12-13"
"114","2304400114","Praia do Futuro II","SER 07","VII","22","IPLANFOR - Bairros de Fortaleza / LC 307-2021","2021-12-13"
"111","2304400111","Cidade 2000","SER 07","VII","23","IPLANFOR - Bairros de Fortaleza / LC 307-2021","2021-12-13"
"11","2304400011","Cocó","SER 07","VII","23","IPLANFOR - Bairros de Fortaleza / LC 307-2021","2021-12-13"
"112","2304400112","Manuel Dias Branco","SER 07","VII","23","IPLANFOR - Bairros de Fortaleza / LC 307-2021","2021-12-13"
"58","2304400058","Engenheiro Luciano Cavalcante","SER 07","VII","24","IPLANFOR - Bairros de Fortaleza / LC 307-2021","2021-12-13"
"60","2304400060","Guararapes","SER 07","VII","24","IPLANFOR - Bairros de Fortaleza / LC 307-2021","2021-12-13"
"71","2304400071","Salinas","SER 07","VII","24","IPLANFOR - Bairros de Fortaleza / LC 307-2021","2021-12-13"
"57","2304400057","Edson Queiroz","SER 07","VII","25","IPLANFOR - Bairros de Fortaleza / LC 307-2021","2021-12-13"
"70","2304400070","Sabiaguaba","SER 07","VII","25","IPLANFOR - Bairros de Fortaleza / LC 307-2021","2021-12-13"
"64","2304400064","Sapiranga / Coité","SER 07","VII","25","IPLANFOR - Bairros de Fortaleza / LC 307-2021","2021-12-13"
"100","2304400100","Itaperi","SER 08","VI","19","IPLANFOR - Bairros de Fortaleza / LC 307-2021","2021-12-13"
"77","2304400077","Rachel de Queiroz","SER 08","VI","19","IPLANFOR - Bairros de Fortaleza / LC 307-2021","2021-12-13"
"107","2304400107","Serrinha","SER 08","VI","19","IPLANFOR - Bairros de Fortaleza / LC 307-2021","2021-12-13"
"125","2304400125","Boa Vista / Castelão","SER 08","VI","20","IPLANFOR - Bairros de Fortaleza / LC 307-2021","2021-12-13"
"98","2304400098","Dias Macedo","SER 08","VI","20","IPLANFOR - Bairros de Fortaleza / LC 307-2021","2021-12-13"
"84","2304400084","Parque Dois Irmãos","SER 08","VI","20","IPLANFOR - Bairros de Fortaleza / LC 307-2021","2021-12-13"
"88","2304400088","Passaré","SER 08","VI","20","IPLANFOR - Bairros de Fortaleza / LC 307-2021","2021-12-13"
"116","2304400116","Planalto Ayrton Senna","SER 08","VI","21","IPLANFOR - Bairros de Fortaleza / LC 307-2021","2021-12-13"
"89","2304400089","Prefeito José Walter","SER 08","VI","21","IPLANFOR - Bairros de Fortaleza / LC 307-2021","2021-12-13"
"51","2304400051","Barroso","SER 09","IX","31","IPLANFOR - Bairros de Fortaleza / LC 307-2021","2021-12-13"
"52","2304400052","Cajazeiras","SER 09","IX","31","IPLANFOR - Bairros de Fortaleza / LC 307-2021","2021-12-13"
"118","2304400118","Conjunto Palmeiras","SER 09","IX","32","IPLANFOR - Bairros de Fortaleza / LC 307-2021","2021-12-13"
"61","2304400061","Jangurussu","SER 09","IX","32","IPLANFOR - Bairros de Fortaleza / LC 307-2021","2021-12-13"
"50","2304400050","Ancuri","SER 09","IX","33","IPLANFOR - Bairros de Fortaleza / LC 307-2021","2021-12-13"
"123","2304400123","Parque Santa Maria","SER 09","IX","33","IPLANFOR - Bairros de Fortaleza / LC 307-2021","2021-12-13"
"69","2304400069","Pedras","SER 09","IX","33","IPLANFOR - Bairros de Fortaleza / LC 307-2021","2021-12-13"
"124","2304400124","Aracapé","SER 10","X","34","IPLANFOR - Bairros de Fortaleza / LC 307-2021","2021-12-13"
"74","2304400074","Canindezinho","SER 10","X","34","IPLANFOR - Bairros de Fortaleza / LC 307-2021","2021-12-13"
"76","2304400076","Conjunto Esperança","SER 10","X","34","IPLANFOR - Bairros de Fortaleza / LC 307-2021","2021-12-13"
"121","2304400121","Novo Mondubim","SER 10","X","34","IPLANFOR - Bairros de Fortaleza / LC 307-2021","2021-12-13"
"85","2304400085","Parque Presidente Vargas","SER 10","X","34","IPLANFOR - Bairros de Fortaleza / LC 307-2021","2021-12-13"
"87","2304400087","Parque Santa Rosa","SER 10","X","34","IPLANFOR - Bairros de Fortaleza / LC 307-2021","2021-12-13"
"86","2304400086","Parque São José","SER 10","X","34","IPLANFOR - Bairros de Fortaleza / LC 307-2021","2021-12-13"
"80","2304400080","Jardim Cearense","SER 10","X","35","IPLANFOR - Bairros de Fortaleza / LC 307-2021","2021-12-13"
"81","2304400081","Manoel Sátiro","SER 10","X","35","IPLANFOR - Bairros de Fortaleza / LC 307-2021","2021-12-13"
"82","2304400082","Maraponga","SER 10","X","35","IPLANFOR - Bairros de Fortaleza / LC 307-2021","2021-12-13"
"83","2304400083","Mondubim","SER 10","X","35","IPLANFOR - Bairros de Fortaleza / LC 307-2021","2021-12-13"
"94","2304400094","Bela Vista","SER 11","XI","36","IPLANFOR - Bairros de Fortaleza / LC 307-2021","2021-12-13"
"96","2304400096","Couto Fernandes","SER 11","XI","36","IPLANFOR - Bairros de Fortaleza / LC 307-2021","2021-12-13"
"97","2304400097","Demócrito Rocha","SER 11","XI","36","IPLANFOR - Bairros de Fortaleza / LC 307-2021","2021-12-13"
"104","2304400104","Panamericano","SER 11","XI","36","IPLANFOR - Bairros de Fortaleza / LC 307-2021","2021-12-13"
"106","2304400106","Pici","SER 11","XI","36","IPLANFOR - Bairros de Fortaleza / LC 307-2021","2021-12-13"
"41","2304400041","Autran Nunes","SER 11","XI","37","IPLANFOR - Bairros de Fortaleza / LC 307-2021","2021-12-13"
"43","2304400043","Dom Lustosa","SER 11","XI","37","IPLANFOR - Bairros de Fortaleza / LC 307-2021","2021-12-13"
"45","2304400045","Henrique Jorge","SER 11","XI","37","IPLANFOR - Bairros de Fortaleza / LC 307-2021","2021-12-13"
"46","2304400046","João XXIII","SER 11","XI","37","IPLANFOR - Bairros de Fortaleza / LC 307-2021","2021-12-13"
"101","2304400101","Jóquei Clube","SER 11","XI","37","IPLANFOR - Bairros de Fortaleza / LC 307-2021","2021-12-13"
"42","2304400042","Conjunto Ceará I","SER 11","XI","38","IPLANFOR - Bairros de Fortaleza / LC 307-2021","2021-12-13"
"75","2304400075","Conjunto Ceará II","SER 11","XI","38","IPLANFOR - Bairros de Fortaleza / LC 307-2021","2021-12-13"
"44","2304400044","Genibaú","SER 11","XI","38","IPLANFOR - Bairros de Fortaleza / LC 307-2021","2021-12-13"
"10","2304400010","Centro","SER 12","I","1","IPLANFOR - Bairros de Fortaleza / LC 307-2021","2021-12-13"
"5","2304400005","Moura Brasil","SER 12","I","1","IPLANFOR - Bairros de Fortaleza / LC 307-2021","2021-12-13"
"32","2304400032","Praia de Iracema","SER 12","I","1","IPLANFOR - Bairros de Fortaleza / LC 307-2021","2021-12-13"
